﻿{
	"credit": "Made with Blockbench, a free, modern block model editor by JannisX11",
	"textures": {
		"particle": "blocks/fance_spruce",
		"1": "blocks/fance_sprucev2"
	},
	"elements": [
		{
			"name": "cube",
			"from": [6, 0, 6],
			"to": [10, 16, 10],
			"faces": {
				"north": {"uv": [0, 0, 4, 16], "texture": "#1"},
				"east": {"uv": [0, 0, 4, 16], "texture": "#1"},
				"south": {"uv": [0, 0, 4, 16], "texture": "#1"},
				"west": {"uv": [0, 0, 3.5, 16], "texture": "#1"},
				"up": {"uv": [0, 0, 0, 0], "texture": "#1"},
				"down": {"uv": [0, 0, 4, 4], "texture": "#1"}
			}
		},
		{
			"name": "cube",
			"from": [5.894, 16, 5.894],
			"to": [10.106, 16.6318, 10.106],
			"faces": {
				"north": {
					"uv": [9, 8.5, 13.21171875, 9],
					"texture": "#particle"
				},
				"east": {
					"uv": [8.5, 8.5, 12.5, 9],
					"texture": "#particle"
				},
				"south": {
					"uv": [8, 8.5, 12.21171875, 9],
					"texture": "#particle"
				},
				"west": {
					"uv": [9, 8.5, 13.21171875, 9],
					"texture": "#particle"
				},
				"up": {"uv": [11.5, 0, 15.5, 4], "texture": "#particle"},
				"down": {
					"uv": [0, 0, 4.212, 4.212],
					"texture": "#particle"
				}
			}
		},
		{
			"name": "cube",
			"from": [6, 16.5, 6],
			"to": [10, 17, 10],
			"faces": {
				"north": {"uv": [0, 0, 4, 0.5], "texture": "#particle"},
				"east": {"uv": [0, 0, 4, 0.5], "texture": "#particle"},
				"south": {"uv": [0, 0, 4, 0.5], "texture": "#particle"},
				"west": {"uv": [0, 0, 4, 0.5], "texture": "#particle"},
				"up": {"uv": [11.5, 0, 15.5, 4], "texture": "#particle"},
				"down": {"uv": [0, 0, 4, 4], "texture": "#particle"}
			}
		}
	]
}