{
    "variants": {
        "snowy=false": [
			{ "model": "grass_1", "weight": 1 },
            { "model": "grass_1", "y": 90 , "weight": 1 },
			{ "model": "grass_1", "y": 180 , "weight": 1 },
			
            { "model": "grass_2", "weight": 1 },
            { "model": "grass_2", "y": 90 , "weight": 1 },
			{ "model": "grass_2", "y": 180 , "weight": 1 },
			
			{ "model": "grass_3", "weight": 1 },
            { "model": "grass_3", "y": 90 , "weight": 1 },
			{ "model": "grass_3", "y": 180 , "weight": 1 },
			
			{ "model": "grass_4", "weight": 1 },
            { "model": "grass_4", "y": 90 , "weight": 1 },
			{ "model": "grass_4", "y": 180 , "weight": 1 },
			
			{ "model": "grass_5", "weight": 1 },
            { "model": "grass_5", "y": 90 , "weight": 1 },
			{ "model": "grass_5", "y": 180 , "weight": 1 },
			
			{ "model": "grass_6", "weight": 1 },
            { "model": "grass_6", "y": 90 , "weight": 1 },
			{ "model": "grass_6", "y": 180 , "weight": 1 },
			
			{ "model": "grass_empty", "weight": 10 }
			
        ],
        "snowy=true":  { "model": "grass_snowed" }
    }
}
