{
    "parent": "item/handheld",
    "textures": {
        "layer0": "items/iron_axe"
    },
	"overrides": [
		{ "predicate": { "damaged": 0, "damage": 0.004 }, "model": "item/iron_axe/1" },
		{ "predicate": { "damaged": 0, "damage": 0.008 }, "model": "item/iron_axe/2" },
		{ "predicate": { "damaged": 0, "damage": 0.012 }, "model": "item/iron_axe/3" },
		{ "predicate": { "damaged": 0, "damage": 0.016 }, "model": "item/iron_axe/4" },
		{ "predicate": { "damaged": 0, "damage": 0.020 }, "model": "item/iron_axe/5" },
		{ "predicate": { "damaged": 0, "damage": 0.024 }, "model": "item/iron_axe/6" },
		{ "predicate": { "damaged": 0, "damage": 0.2 }, "model": "item/iron_axe/50" },
		{ "predicate": { "damaged": 0, "damage": 0.204 }, "model": "item/iron_axe/51" },
		{ "predicate": { "damaged": 0, "damage": 0.4 }, "model": "item/iron_axe/100" },
		{ "predicate": { "damaged": 0, "damage": 0.404 }, "model": "item/iron_axe/101" },
		{ "predicate": { "damaged": 0, "damage": 0.408 }, "model": "item/iron_axe/102" },
		{ "predicate": { "damaged": 0, "damage": 0.412 }, "model": "item/iron_axe/103" },
		{ "predicate": { "damaged": 0, "damage": 0.416 }, "model": "item/iron_axe/104" },
		{ "predicate": { "damaged": 0, "damage": 0.420 }, "model": "item/iron_axe/105" },
		{ "predicate": { "damaged": 0, "damage": 0.424 }, "model": "item/iron_axe/106" },
		{ "predicate": { "damaged": 0, "damage": 0.428 }, "model": "item/iron_axe/107" },
		{ "predicate": { "damaged": 0, "damage": 0.432 }, "model": "item/iron_axe/108" },
		{ "predicate": { "damaged": 0, "damage": 0.436 }, "model": "item/iron_axe/109" },
		{ "predicate": { "damaged": 0, "damage": 0.440 }, "model": "item/iron_axe/110" },
		{ "predicate": { "damaged": 0, "damage": 0.444 }, "model": "item/iron_axe/111" },
		{ "predicate": { "damaged": 0, "damage": 0.448 }, "model": "item/iron_axe/112" },
		{ "predicate": { "damaged": 0, "damage": 0.452 }, "model": "item/iron_axe/113" },
		{ "predicate": { "damaged": 0, "damage": 0.6 }, "model": "item/iron_axe/150" },
		{ "predicate": { "damaged": 0, "damage": 0.604 }, "model": "item/iron_axe/151" },
		{ "predicate": { "damaged": 0, "damage": 0.608 }, "model": "item/iron_axe/152" }
	]
}
