{
    "parent": "item/handheld",
    "textures": {
        "layer0": "items/iron_hoe"
    },
	"overrides": [
		{ "predicate": { "damaged": 0, "damage": 0.004 }, "model": "item/iron_hoe/1" },
		{ "predicate": { "damaged": 0, "damage": 0.008 }, "model": "item/iron_hoe/2" },
		{ "predicate": { "damaged": 0, "damage": 0.012 }, "model": "item/iron_hoe/3" },
		{ "predicate": { "damaged": 0, "damage": 0.016 }, "model": "item/iron_hoe/4" },
		{ "predicate": { "damaged": 0, "damage": 0.020 }, "model": "item/iron_hoe/5" },
		{ "predicate": { "damaged": 0, "damage": 0.08 }, "model": "item/iron_hoe/20" },
		{ "predicate": { "damaged": 0, "damage": 0.084 }, "model": "item/iron_hoe/21" },
		{ "predicate": { "damaged": 0, "damage": 0.088 }, "model": "item/iron_hoe/22" },
		{ "predicate": { "damaged": 0, "damage": 0.092 }, "model": "item/iron_hoe/23" },
		{ "predicate": { "damaged": 0, "damage": 0.096 }, "model": "item/iron_hoe/24" },
		{ "predicate": { "damaged": 0, "damage": 0.1 }, "model": "item/iron_hoe/25" },
		{ "predicate": { "damaged": 0, "damage": 0.104 }, "model": "item/iron_hoe/26" },
		{ "predicate": { "damaged": 0, "damage": 0.16 }, "model": "item/iron_hoe/40" },
		{ "predicate": { "damaged": 0, "damage": 0.164 }, "model": "item/iron_hoe/41" },
		{ "predicate": { "damaged": 0, "damage": 0.168 }, "model": "item/iron_hoe/42" },
		{ "predicate": { "damaged": 0, "damage": 0.172 }, "model": "item/iron_hoe/43" }
	]
}
