{
"ambientocclusion": false,
"textures": {
    "particle": "blocks/dirt",
    "bottom": "blocks/dirt",
    "top": "blocks/grass_top",
	"side": "blocks/grass_side",
    "overlay": "blocks/grass_side_overlay",
    "grass": "blocks/better_tallgrass_empty"
	
},
"elements": [ 
{
    "__comment": "Center",
    "from": [ 0, 0, 0 ],
    "to": [ 16, 16, 16 ],
    "faces": {
        "down":  { "uv": [ 0, 0, 16, 16 ], "texture": "#bottom", "cullface": "down" },
        "up":    { "uv": [ 0, 0, 16, 16 ], "texture": "#top", "tintindex": 0, "cullface": "up" },
        "north": { "uv": [ 0, 0, 16, 16 ], "texture": "#side", "cullface": "north" },
        "south": { "uv": [ 0, 0, 16, 16 ], "texture": "#side", "cullface": "south" },
        "west":  { "uv": [ 0, 0, 16, 16 ], "texture": "#side", "cullface": "west" },
        "east":  { "uv": [ 0, 0, 16, 16 ], "texture": "#side", "cullface": "east" }
    }
},

        {   "from": [ 0, 0, 0 ],
            "to": [ 16, 16, 16 ],
            "faces": {
                "north": { "uv": [ 0, 0, 16, 16 ], "texture": "#overlay", "tintindex": 0, "cullface": "north" },
                "south": { "uv": [ 0, 0, 16, 16 ], "texture": "#overlay", "tintindex": 0, "cullface": "south" },
                "west":  { "uv": [ 0, 0, 16, 16 ], "texture": "#overlay", "tintindex": 0, "cullface": "west" },
                "east":  { "uv": [ 0, 0, 16, 16 ], "texture": "#overlay", "tintindex": 0, "cullface": "east" }
            }
        }
]
}