{
    "__createdwith": "opl's Model Creator",
    "parent": "block/cube",
    "textures": {
        "side": "blocks/red_nether_brick",
        "top": "blocks/red_nether_brick_top",
        "particle": "blocks/red_nether_brick"
    },
    "elements": [
        {
            "from": [0,0,0],
            "to": [16,16,16],
            "faces": {
                "up": {
                    "texture": "#top"
                },
                "down": {
                    "texture": "#top"
                },
                "west": {
                    "texture": "#side"
                },
                "east": {
                    "texture": "#side"
                },
                "north": {
                    "texture": "#side"
                },
                "south": {
                    "texture": "#side"
                }
            }
        }
    ]
}