{
    "__createdwith": "opl's Model Creator",
    "parent": "block/thin_block",
    "ambientocclusion": false,
    "textures": {
        "side": "blocks/trapdoor_side",
        "texture": "blocks/trapdoor",
        "particle": "blocks/trapdoor"
    },
    "elements": [
        {
            "from": [0,0,0],
            "to": [16,3,3],
            "faces": {
                "up": {
                    "texture": "#texture"
                },
                "down": {
                    "uv": [0,13,16,16],
                    "texture": "#texture"
                },
                "west": {
                    "texture": "#side"
                },
                "east": {
                    "uv": [13,13,16,16],
                    "texture": "#side"
                },
                "north": {
                    "texture": "#side"
                },
                "south": {
                    "uv": [0,0,16,3],
                    "texture": "#side"
                }
            }
        },
        {
            "from": [0,0,13],
            "to": [16,3,16],
            "faces": {
                "up": {
                    "texture": "#texture"
                },
                "down": {
                    "uv": [0,0,16,3],
                    "texture": "#texture"
                },
                "west": {
                    "texture": "#side"
                },
                "east": {
                    "uv": [0,13,3,16],
                    "texture": "#side"
                },
                "north": {
                    "uv": [0,0,16,3],
                    "texture": "#side"
                },
                "south": {
                    "texture": "#side"
                }
            }
        },
        {
            "from": [0,0,6.5],
            "to": [16,3,9.5],
            "faces": {
                "up": {
                    "uv": [0,9.5,16,6.5],
                    "texture": "#texture"
                },
                "down": {
                    "texture": "#texture"
                },
                "west": {
                    "texture": "#texture"
                },
                "east": {
                    "texture": "#texture"
                },
                "north": {
                    "uv": [0,6.5,16,9.5],
                    "texture": "#texture"
                },
                "south": {
                    "uv": [0,6.5,16,9.5],
                    "texture": "#texture"
                }
            }
        },
        {
            "from": [6.5,0.5,9.5],
            "to": [9.5,2.5,13],
            "faces": {
                "up": {
                    "texture": "#texture"
                },
                "down": {
                    "texture": "#texture"
                },
                "west": {
                    "uv": [9.75,7,13.25,9],
                    "texture": "#texture"
                },
                "east": {
                    "uv": [11.5,7,15,9],
                    "texture": "#texture"
                }
            }
        },
        {
            "from": [6.5,0.5,3],
            "to": [9.5,2.5,6.5],
            "faces": {
                "up": {
                    "texture": "#texture"
                },
                "down": {
                    "texture": "#texture"
                },
                "west": {
                    "uv": [3.25,7,6.75,9],
                    "texture": "#texture"
                },
                "east": {
                    "uv": [4,7,7.5,9],
                    "texture": "#texture"
                }
            }
        },
        {
            "from": [0,0.5,9.5],
            "to": [3,2.5,13],
            "faces": {
                "up": {
                    "texture": "#texture"
                },
                "down": {
                    "uv": [0,3,3,6.5],
                    "texture": "#texture"
                },
                "west": {
                    "texture": "#side"
                },
                "east": {
                    "uv": [9.75,7,13.25,9],
                    "texture": "#texture"
                }
            }
        },
        {
            "from": [0,0.5,3],
            "to": [3,2.5,6.5],
            "faces": {
                "up": {
                    "texture": "#texture"
                },
                "down": {
                    "uv": [0,9.5,3,13],
                    "texture": "#texture"
                },
                "west": {
                    "texture": "#side"
                },
                "east": {
                    "uv": [3.25,7,6.75,9],
                    "texture": "#texture"
                }
            }
        },
        {
            "from": [13,0.5,3],
            "to": [16,2.5,6.5],
            "faces": {
                "up": {
                    "texture": "#texture"
                },
                "down": {
                    "uv": [13,9.5,16,13],
                    "texture": "#texture"
                },
                "west": {
                    "uv": [4,7,7.5,9],
                    "texture": "#texture"
                },
                "east": {
                    "uv": [9.5,13.5,13,15.5],
                    "texture": "#side"
                }
            }
        },
        {
            "from": [13,0.5,9.5],
            "to": [16,2.5,13],
            "faces": {
                "up": {
                    "texture": "#texture"
                },
                "down": {
                    "uv": [13,3.25,16,6.75],
                    "texture": "#texture"
                },
                "west": {
                    "uv": [9.75,7,13.25,9],
                    "texture": "#texture"
                },
                "east": {
                    "uv": [3,13.5,6.5,15.5],
                    "texture": "#side"
                }
            }
        }
    ]
}