﻿{
	"credit": "Made with Blockbench, a free, modern block model editor by JannisX11",
	"textures": {
		"0": "blocks/fance_spruce"
	},
	"elements": [
		{
			"name": "cube",
			"from": [6, 14, 0],
			"to": [10, 16, 6],
			"faces": {
				"east": {"uv": [0, 0, 5.5, 2], "texture": "#0"},
				"west": {"uv": [0, 0, 5.5, 2], "texture": "#0"},
				"up": {"uv": [11, 0, 15, 6], "texture": "#0"},
				"down": {"uv": [11, 5, 15, 11], "texture": "#0"}
			}
		},
		{
			"name": "cube",
			"from": [7, 7, 0],
			"to": [9, 8, 6],
			"faces": {
				"east": {"uv": [0, 0, 5, 1], "texture": "#0"},
				"west": {"uv": [0, 0, 6, 1], "texture": "#0"},
				"up": {"uv": [0, 0, 4, 6], "texture": "#0"},
				"down": {"uv": [0, 4, 4, 10], "texture": "#0"}
			}
		},
		{
			"name": "cube",
			"from": [7, 7, 3],
			"to": [9, 16, 4],
			"faces": {
				"north": {"uv": [0, 0, 2, 9], "texture": "#0"},
				"east": {"uv": [0, 1, 1, 10], "texture": "#0"},
				"south": {"uv": [0, 0, 2, 9], "texture": "#0"},
				"west": {"uv": [3, 2, 4, 11], "texture": "#0"}
			},
			"rotation": {
				"origin": [8, 11.5, 3.5],
				"axis": "x",
				"angle": -45
			}
		}
	]
}