{
"__comment": "Designed by tomaxed with Cubik",
"ambientocclusion": false,
"textures": {
    "particle": "blocks/dirt",
    "bottom": "blocks/dirt",
    "top": "blocks/grass_top",
	"side": "blocks/grass_side",
    "overlay": "blocks/grass_side_overlay",
    "grass": "blocks/better_tallgrass"
	
},
"elements": [ 
{
    "__comment": "Center",
    "from": [ 0, 0, 0 ],
    "to": [ 16, 16, 16 ],
    "faces": {
        "down":  { "uv": [ 0, 0, 16, 16 ], "texture": "#bottom", "cullface": "down" },
        "up":    { "uv": [ 0, 0, 16, 16 ], "texture": "#top", "tintindex": 0, "cullface": "up" },
        "north": { "uv": [ 0, 0, 16, 16 ], "texture": "#side", "cullface": "north" },
        "south": { "uv": [ 0, 0, 16, 16 ], "texture": "#side", "cullface": "south" },
        "west":  { "uv": [ 0, 0, 16, 16 ], "texture": "#side", "cullface": "west" },
        "east":  { "uv": [ 0, 0, 16, 16 ], "texture": "#side", "cullface": "east" }
    }
},

        {   "from": [ 0, 0, 0 ],
            "to": [ 16, 16, 16 ],
            "faces": {
                "north": { "uv": [ 0, 0, 16, 16 ], "texture": "#overlay", "tintindex": 0, "cullface": "north" },
                "south": { "uv": [ 0, 0, 16, 16 ], "texture": "#overlay", "tintindex": 0, "cullface": "south" },
                "west":  { "uv": [ 0, 0, 16, 16 ], "texture": "#overlay", "tintindex": 0, "cullface": "west" },
                "east":  { "uv": [ 0, 0, 16, 16 ], "texture": "#overlay", "tintindex": 0, "cullface": "east" }
            }
        },
{
    "__comment": "Planes",
    "from": [ 2.625, 15.875, 4 ],
    "to": [ 18.625, 20.875, 4 ],
    "shade": false,
    "rotation": { "origin": [ 2.625, 15.875, 4 ], "axis": "y", "angle": -22.5 },
    "faces": {
        "north": { "uv": [ 0, 12, 16, 16 ], "texture": "#grass", "tintindex": 0, "cullface": "up" },
        "south": { "uv": [ 0, 12, 16, 16 ], "texture": "#grass", "tintindex": 0, "cullface": "up" }
    }
},
{
    "__comment": "Planes",
    "from": [ 14, 16, 4 ],
    "to": [ 14, 20, 19.9999 ],
    "shade": false,
    "rotation": { "origin": [ 14, 16, 4 ], "axis": "y", "angle": -22.5 },
    "faces": {
        "west":  { "uv": [ 0, 12, 16, 16 ], "texture": "#grass", "tintindex": 0, "cullface": "up" },
        "east":  { "uv": [ 0, 12, 16, 16 ], "texture": "#grass", "tintindex": 0, "cullface": "up" }
    }
}
]
}