{
    "__createdwith": "opl's Model Creator",
    "ambientocclusion": false,
    "textures": {
        "reeds": "blocks/reeds",
        "particle": "blocks/reeds"
    },
    "elements": [
        {
            "from": [13,0,1],
            "to": [15,16,3],
            "faces": {
                "up": {
                    "texture": "#reeds"
                },
                "down": {
                    "texture": "#reeds"
                },
                "west": {
                    "texture": "#reeds"
                },
                "east": {
                    "texture": "#reeds"
                },
                "north": {
                    "texture": "#reeds"
                },
                "south": {
                    "texture": "#reeds"
                }
            }
        },
        {
            "from": [2,0,2],
            "to": [4,16,4],
            "faces": {
                "up": {
                    "uv": [1,6,3,8],
                    "texture": "#reeds"
                },
                "down": {
                    "uv": [1,6,3,8],
                    "texture": "#reeds"
                },
                "west": {
                    "uv": [1,0,3,16],
                    "texture": "#reeds"
                },
                "east": {
                    "uv": [1,0,3,16],
                    "texture": "#reeds"
                },
                "north": {
                    "uv": [1,0,3,16],
                    "texture": "#reeds"
                },
                "south": {
                    "uv": [1,0,3,16],
                    "texture": "#reeds"
                }
            }
        },
        {
            "from": [12,0,11],
            "to": [14,16,13],
            "faces": {
                "up": {
                    "uv": [13,9,15,11],
                    "texture": "#reeds"
                },
                "down": {
                    "uv": [13,9,15,11],
                    "texture": "#reeds"
                },
                "west": {
                    "uv": [9,0,11,16],
                    "texture": "#reeds"
                },
                "east": {
                    "uv": [9,0,11,16],
                    "texture": "#reeds"
                },
                "north": {
                    "uv": [9,0,11,16],
                    "texture": "#reeds"
                },
                "south": {
                    "uv": [13,0,15,16],
                    "texture": "#reeds"
                }
            }
        },
        {
            "from": [1,0,13],
            "to": [3,16,15],
            "faces": {
                "up": {
                    "uv": [1,11,3,13],
                    "texture": "#reeds"
                },
                "down": {
                    "texture": "#reeds"
                },
                "west": {
                    "texture": "#reeds"
                },
                "east": {
                    "texture": "#reeds"
                },
                "north": {
                    "uv": [5,0,7,16],
                    "texture": "#reeds"
                },
                "south": {
                    "texture": "#reeds"
                }
            }
        },
        {
            "from": [8,0,5],
            "to": [10,16,7],
            "faces": {
                "up": {
                    "uv": [9,5,11,7],
                    "texture": "#reeds"
                },
                "down": {
                    "uv": [9,5,11,7],
                    "texture": "#reeds"
                },
                "west": {
                    "texture": "#reeds"
                },
                "east": {
                    "texture": "#reeds"
                },
                "north": {
                    "uv": [9,0,11,16],
                    "texture": "#reeds"
                },
                "south": {
                    "uv": [9,0,11,16],
                    "texture": "#reeds"
                }
            }
        },
        {
            "from": [6,0,10],
            "to": [8,16,12],
            "faces": {
                "up": {
                    "uv": [5,10.5,7,12.5],
                    "texture": "#reeds"
                },
                "down": {
                    "uv": [5,10,7,12],
                    "texture": "#reeds"
                },
                "west": {
                    "uv": [9,0,11,16],
                    "texture": "#reeds"
                },
                "east": {
                    "uv": [9,0,11,16],
                    "texture": "#reeds"
                },
                "north": {
                    "uv": [5,0,7,16],
                    "texture": "#reeds"
                },
                "south": {
                    "uv": [5,0,7,16],
                    "texture": "#reeds"
                }
            }
        },
        {
            "from": [7,7,9.5],
            "to": [7,9,10],
            "faces": {
                "west": {
                    "uv": [11,7,11.5,9],
                    "texture": "#reeds"
                },
                "east": {
                    "uv": [11,7,11.5,9],
                    "texture": "#reeds"
                }
            }
        },
        {
            "from": [7,8,9],
            "to": [7,9.5,9.5],
            "faces": {
                "west": {
                    "uv": [11.5,6.5,12,8],
                    "texture": "#reeds"
                },
                "east": {
                    "uv": [11.5,6.5,12,8],
                    "texture": "#reeds"
                }
            }
        },
        {
            "from": [7,9,8.5],
            "to": [7,9.5,9],
            "faces": {
                "up": {
                    "texture": "missingtexture"
                },
                "west": {
                    "uv": [12,6.5,12.5,7],
                    "texture": "#reeds"
                },
                "east": {
                    "uv": [12,6.5,12.5,7],
                    "texture": "#reeds"
                }
            }
        },
        {
            "from": [7.5,8.5,12],
            "to": [7.5,10,12.5],
            "faces": {
                "west": {
                    "uv": [8.5,11,9,12.5],
                    "texture": "#reeds"
                },
                "east": {
                    "uv": [8.5,11,9,12.5],
                    "texture": "#reeds"
                }
            }
        },
        {
            "from": [7.5,9,12.5],
            "to": [7.5,10.5,13],
            "faces": {
                "west": {
                    "uv": [8,10.5,8.5,12],
                    "texture": "#reeds"
                },
                "east": {
                    "uv": [8,10.5,8.5,12],
                    "texture": "#reeds"
                }
            }
        },
        {
            "from": [7.5,9.5,13],
            "to": [7.5,10.5,13.5],
            "faces": {
                "west": {
                    "uv": [7.5,10.5,8,11.5],
                    "texture": "#reeds"
                },
                "east": {
                    "uv": [7.5,10.5,8,11.5],
                    "texture": "#reeds"
                }
            }
        },
        {
            "from": [9.5,5,7],
            "to": [9.5,6.5,7.5],
            "faces": {
                "west": {
                    "uv": [8.5,11,9,12.5],
                    "texture": "#reeds"
                },
                "east": {
                    "uv": [8.5,11,9,12.5],
                    "texture": "#reeds"
                }
            }
        },
        {
            "from": [9.5,6,8],
            "to": [9.5,7,8.5],
            "faces": {
                "west": {
                    "uv": [7.5,10.5,8,11.5],
                    "texture": "#reeds"
                },
                "east": {
                    "uv": [7.5,10.5,8,11.5],
                    "texture": "#reeds"
                }
            }
        },
        {
            "from": [9.5,5.5,7.5],
            "to": [9.5,7,8],
            "faces": {
                "west": {
                    "uv": [8,10.5,8.5,12],
                    "texture": "#reeds"
                },
                "east": {
                    "uv": [8,10.5,8.5,12],
                    "texture": "#reeds"
                }
            }
        },
        {
            "from": [13.5,4,3.5],
            "to": [13.5,5.5,4],
            "faces": {
                "west": {
                    "uv": [8,10.5,8.5,12],
                    "texture": "#reeds"
                },
                "east": {
                    "uv": [8,10.5,8.5,12],
                    "texture": "#reeds"
                }
            }
        },
        {
            "from": [13.5,3.5,3],
            "to": [13.5,5,3.5],
            "faces": {
                "west": {
                    "uv": [8.5,11,9,12.5],
                    "texture": "#reeds"
                },
                "east": {
                    "uv": [8.5,11,9,12.5],
                    "texture": "#reeds"
                }
            }
        },
        {
            "from": [13.5,4.5,4],
            "to": [13.5,5.5,4.5],
            "faces": {
                "west": {
                    "uv": [7.5,10.5,8,11.5],
                    "texture": "#reeds"
                },
                "east": {
                    "uv": [7.5,10.5,8,11.5],
                    "texture": "#reeds"
                }
            }
        },
        {
            "from": [2.5,11.5,0.5],
            "to": [2.5,12,1],
            "faces": {
                "up": {
                    "texture": "missingtexture"
                },
                "west": {
                    "uv": [12,6.5,12.5,7],
                    "texture": "#reeds"
                },
                "east": {
                    "uv": [12,6.5,12.5,7],
                    "texture": "#reeds"
                }
            }
        },
        {
            "from": [2.5,9.5,1.5],
            "to": [2.5,11.5,2],
            "faces": {
                "west": {
                    "uv": [11,7,11.5,9],
                    "texture": "#reeds"
                },
                "east": {
                    "uv": [11,7,11.5,9],
                    "texture": "#reeds"
                }
            }
        },
        {
            "from": [2.5,10.5,1],
            "to": [2.5,12,1.5],
            "faces": {
                "west": {
                    "uv": [11.5,6.5,12,8],
                    "texture": "#reeds"
                },
                "east": {
                    "uv": [11.5,6.5,12,8],
                    "texture": "#reeds"
                }
            }
        },
        {
            "from": [2.5,9,11.5],
            "to": [2.5,9.5,12],
            "faces": {
                "up": {
                    "texture": "missingtexture"
                },
                "west": {
                    "uv": [12,6.5,12.5,7],
                    "texture": "#reeds"
                },
                "east": {
                    "uv": [12,6.5,12.5,7],
                    "texture": "#reeds"
                }
            }
        },
        {
            "from": [2.5,7,12.5],
            "to": [2.5,9,13],
            "faces": {
                "west": {
                    "uv": [11,7,11.5,9],
                    "texture": "#reeds"
                },
                "east": {
                    "uv": [11,7,11.5,9],
                    "texture": "#reeds"
                }
            }
        },
        {
            "from": [2.5,8,12],
            "to": [2.5,9.5,12.5],
            "faces": {
                "west": {
                    "uv": [11.5,6.5,12,8],
                    "texture": "#reeds"
                },
                "east": {
                    "uv": [11.5,6.5,12,8],
                    "texture": "#reeds"
                }
            }
        },
        {
            "from": [5.5,14,10.5],
            "to": [6,15.5,10.5],
            "faces": {
                "north": {
                    "uv": [7,0.5,7.5,2],
                    "texture": "#reeds"
                },
                "south": {
                    "uv": [7,0.5,7.5,2],
                    "texture": "#reeds"
                }
            }
        },
        {
            "from": [5,14.5,10.5],
            "to": [5.5,15.5,10.5],
            "faces": {
                "north": {
                    "uv": [7.5,0.5,8,1.5],
                    "texture": "#reeds"
                },
                "south": {
                    "uv": [7.5,0.5,8,1.5],
                    "texture": "#reeds"
                }
            }
        },
        {
            "from": [4.5,15,10.5],
            "to": [5,15.5,10.5],
            "faces": {
                "north": {
                    "uv": [8,0.5,8.5,1],
                    "texture": "#reeds"
                },
                "south": {
                    "uv": [8,0.5,8.5,1],
                    "texture": "#reeds"
                }
            }
        },
        {
            "from": [14,7.5,12.5],
            "to": [14.5,9,12.5],
            "faces": {
                "north": {
                    "uv": [15,8.5,15.5,10],
                    "texture": "#reeds"
                },
                "south": {
                    "uv": [15,8.5,15.5,10],
                    "texture": "#reeds"
                }
            }
        },
        {
            "from": [14.5,8,12.5],
            "to": [15,9.5,12.5],
            "faces": {
                "north": {
                    "uv": [15.5,8,16,9.5],
                    "texture": "#reeds"
                },
                "south": {
                    "uv": [15.5,8,16,9.5],
                    "texture": "#reeds"
                }
            }
        },
        {
            "from": [4,7,3.5],
            "to": [4.5,8.5,3.5],
            "faces": {
                "north": {
                    "uv": [15,8.5,15.5,10],
                    "texture": "#reeds"
                },
                "south": {
                    "uv": [15,8.5,15.5,10],
                    "texture": "#reeds"
                }
            }
        },
        {
            "from": [4.5,7.5,3.5],
            "to": [5,9,3.5],
            "faces": {
                "north": {
                    "uv": [15.5,8,16,9.5],
                    "texture": "#reeds"
                },
                "south": {
                    "uv": [15.5,8,16,9.5],
                    "texture": "#reeds"
                }
            }
        },
        {
            "from": [10,7,5.5],
            "to": [10.5,8.5,5.5],
            "faces": {
                "north": {
                    "uv": [15,8.5,15.5,10],
                    "texture": "#reeds"
                },
                "south": {
                    "uv": [15,8.5,15.5,10],
                    "texture": "#reeds"
                }
            }
        },
        {
            "from": [10.5,7.5,5.5],
            "to": [11,9,5.5],
            "faces": {
                "north": {
                    "uv": [15.5,8,16,9.5],
                    "texture": "#reeds"
                },
                "south": {
                    "uv": [15.5,8,16,9.5],
                    "texture": "#reeds"
                }
            }
        },
        {
            "from": [15,12,1.5],
            "to": [15.5,13.5,1.5],
            "faces": {
                "north": {
                    "uv": [15,8.5,15.5,10],
                    "texture": "#reeds"
                },
                "south": {
                    "uv": [15,8.5,15.5,10],
                    "texture": "#reeds"
                }
            }
        },
        {
            "from": [15.5,12.5,1.5],
            "to": [16,14,1.5],
            "faces": {
                "north": {
                    "uv": [15.5,8,16,9.5],
                    "texture": "#reeds"
                },
                "south": {
                    "uv": [15.5,8,16,9.5],
                    "texture": "#reeds"
                }
            }
        }
    ]
}