﻿{
	"credit": "Made with Blockbench, a free, modern block model editor by JannisX11",
	"textures": {
		"particle": "blocks/torch_on",
		"1": "blocks/torch_onv2"
	},
	"elements": [
		{
			"name": "cube",
			"from": [-1, 3.5, 7],
			"to": [1, 13.5, 9],
			"shade": false,
			"faces": {
				"north": {"uv": [0, 0, 2, 10], "texture": "#particle"},
				"east": {"uv": [0, 0, 2, 10], "texture": "#particle"},
				"south": {"uv": [0, 0, 2, 10], "texture": "#particle"},
				"west": {"uv": [0, 0, 2, 10], "texture": "#particle"},
				"up": {"uv": [7, 5.5, 9, 7.5], "texture": "#particle"},
				"down": {"uv": [7, 13, 9, 15], "texture": "#particle"}
			},
			"rotation": {
				"origin": [0, 3.5, 8],
				"axis": "z",
				"angle": -22.5
			}
		},
		{
			"name": "cube",
			"from": [-1, 3.5, 0],
			"to": [1, 19.5, 16],
			"shade": false,
			"faces": {
				"north": {"uv": [0, 0, 2, 16], "texture": "#particle"},
				"east": {"uv": [0, 0, 16, 16], "texture": "#particle"},
				"south": {"uv": [0, 0, 2, 16], "texture": "#particle"},
				"west": {"uv": [0, 0, 16, 16], "texture": "#particle"},
				"up": {"uv": [0, 0, 2, 16], "texture": "#particle"},
				"down": {"uv": [0, 0, 2, 16], "texture": "#particle"}
			},
			"rotation": {
				"origin": [0, 3.5, 8],
				"axis": "z",
				"angle": -22.5
			}
		},
		{
			"name": "cube",
			"from": [-8, 3.5, 7],
			"to": [8, 19.5, 9],
			"shade": false,
			"faces": {
				"north": {"uv": [0, 0, 16, 16], "texture": "#particle"},
				"east": {"uv": [0, 0, 0, 0], "texture": "#particle"},
				"south": {"uv": [0, 0, 16, 16], "texture": "#particle"},
				"west": {"uv": [0, 0, 0, 0], "texture": "#particle"},
				"up": {"uv": [0, 0, 0, 0], "texture": "#particle"},
				"down": {"uv": [0, 0, 0, 0], "texture": "#particle"}
			},
			"rotation": {
				"origin": [0, 3.5, 8],
				"axis": "z",
				"angle": -22.5
			}
		},
		{
			"name": "cube",
			"from": [0, 3, 6],
			"to": [0.5, 12, 10],
			"faces": {
				"north": {
					"uv": [11, 4.5, 11.5, 13.5],
					"texture": "#1"
				},
				"east": {
					"uv": [11, 4.5, 14.5, 13.5],
					"texture": "#1"
				},
				"south": {
					"uv": [14.1, 4.5, 14.5, 13.5],
					"texture": "#1"
				},
				"west": {
					"uv": [11, 4.5, 14.5, 13.5],
					"texture": "#1"
				},
				"up": {"uv": [11, 4.5, 14.5, 5], "texture": "#1"},
				"down": {
					"uv": [11, 13.1, 14.5, 13.5],
					"texture": "#1"
				}
			}
		},
		{
			"name": "cube",
			"from": [1.7999999999999998, 10, 6.76],
			"to": [4.3, 11, 9.26],
			"faces": {
				"north": {
					"uv": [11, 2, 14.5, 3.5],
					"texture": "#1"
				},
				"east": {"uv": [11, 2, 14.5, 3.5], "texture": "#1"},
				"south": {
					"uv": [11, 2, 14.5, 3.5],
					"texture": "#1"
				},
				"west": {"uv": [11, 2, 14.5, 3.5], "texture": "#1"},
				"up": {"uv": [1, 2.5, 4.5, 6], "texture": "#1"},
				"down": {"uv": [1, 2.5, 4.5, 6], "texture": "#1"}
			}
		},
		{
			"name": "cube",
			"from": [0, 10, 7],
			"to": [1.9, 11, 9],
			"faces": {
				"north": {
					"uv": [11, 2, 14.4, 3.5],
					"texture": "#1"
				},
				"east": {"uv": [0, 0, 2, 1], "texture": "#1"},
				"south": {
					"uv": [11, 2, 14.5, 3.5],
					"texture": "#1"
				},
				"west": {"uv": [0, 0, 2, 1], "texture": "#1"},
				"up": {"uv": [11, 5.5, 14.5, 9.5], "texture": "#1"},
				"down": {"uv": [11, 5, 14.4, 8.5], "texture": "#1"}
			}
		}
	],
	"display": {
		"thirdperson_righthand": {"scale": [1, 1, 1]}
	},
	"ambientocclusion": false
}