{
    "__createdwith": "opl's Model Creator",
    "ambientocclusion": false,
    "textures": {
        "sidev2": "blocks/trapdoor_side",
        "side": "blocks/trapdoor_sidev2",
        "texture": "blocks/trapdoor",
        "particle": "blocks/trapdoor"
    },
    "elements": [
        {
            "from": [0,0,13],
            "to": [3,16,16],
            "faces": {
                "up": {
                    "texture": "#sidev2"
                },
                "down": {
                    "texture": "#sidev2"
                },
                "west": {
                    "uv": [0,0,3,16],
                    "texture": "#side"
                },
                "east": {
                    "texture": "#side"
                },
                "north": {
                    "uv": [0,0,16,3],
                    "texture": "#texture",
                    "rotation": 90
                },
                "south": {
                    "uv": [0,13,16,16],
                    "texture": "#texture",
                    "rotation": 90
                }
            }
        },
        {
            "from": [13,0,13],
            "to": [16,16,16],
            "faces": {
                "up": {
                    "texture": "#sidev2"
                },
                "down": {
                    "texture": "#sidev2"
                },
                "west": {
                    "texture": "#side"
                },
                "east": {
                    "uv": [0,0,3,16],
                    "texture": "#side"
                },
                "north": {
                    "uv": [0,13,16,16],
                    "texture": "#texture",
                    "rotation": 90
                },
                "south": {
                    "uv": [0,0,16,3],
                    "texture": "#texture",
                    "rotation": 90
                }
            }
        },
        {
            "from": [6.5,0,13],
            "to": [9.5,16,16],
            "faces": {
                "up": {
                    "texture": "#sidev2"
                },
                "down": {
                    "texture": "#sidev2"
                },
                "west": {
                    "uv": [0.25,6.5,16,9.5],
                    "texture": "#texture",
                    "rotation": 90
                },
                "east": {
                    "uv": [0,6.5,16,9.25],
                    "texture": "#texture",
                    "rotation": 90
                },
                "north": {
                    "uv": [0,6.5,16,9.5],
                    "texture": "#texture",
                    "rotation": 90
                },
                "south": {
                    "uv": [0,6.5,16,9.5],
                    "texture": "#texture",
                    "rotation": 90
                }
            }
        },
        {
            "from": [3,0,13.5],
            "to": [6.5,3,15.5],
            "faces": {
                "up": {
                    "uv": [6.25,7,9.75,9],
                    "texture": "#texture"
                },
                "down": {
                    "uv": [3,13.5,6,15.5],
                    "texture": "#sidev2"
                },
                "north": {
                    "uv": [13,3,16,6.5],
                    "texture": "#texture",
                    "rotation": 90
                },
                "south": {
                    "uv": [0,9.5,3,13],
                    "texture": "#texture"
                }
            }
        },
        {
            "from": [9.5,0,13.5],
            "to": [13,3,15.5],
            "faces": {
                "up": {
                    "uv": [6.25,7,9.75,9],
                    "texture": "#texture"
                },
                "down": {
                    "uv": [10,13.5,13,15.5],
                    "texture": "#sidev2"
                },
                "north": {
                    "uv": [13,9.5,16,13],
                    "texture": "#texture",
                    "rotation": 90
                },
                "south": {
                    "uv": [13,9.5,16,13],
                    "texture": "#texture"
                }
            }
        },
        {
            "from": [3,13,13.5],
            "to": [6.5,16,15.5],
            "faces": {
                "up": {
                    "texture": "#sidev2"
                },
                "down": {
                    "uv": [3.5,7,6.5,9],
                    "texture": "#texture"
                },
                "north": {
                    "uv": [0,3,3,6.5],
                    "texture": "#texture",
                    "rotation": 90
                },
                "south": {
                    "uv": [0,3,3,6.5],
                    "texture": "#texture"
                }
            }
        },
        {
            "from": [9.5,13,13.5],
            "to": [13,16,15.5],
            "faces": {
                "up": {
                    "texture": "#sidev2"
                },
                "down": {
                    "uv": [10,7,13,9],
                    "texture": "#texture"
                },
                "north": {
                    "uv": [0,9.5,3,13],
                    "texture": "#texture",
                    "rotation": 90
                },
                "south": {
                    "uv": [13,3,16,6.5],
                    "texture": "#texture"
                }
            }
        },
        {
            "from": [9.5,6.5,13.5],
            "to": [13,9.5,15.5],
            "faces": {
                "up": {
                    "uv": [6.25,7,9.75,9],
                    "texture": "#texture"
                },
                "down": {
                    "uv": [6.25,7,9.25,9],
                    "texture": "#texture"
                },
                "north": {
                    "uv": [6.5,3,9.5,6.5],
                    "texture": "#texture",
                    "rotation": 90
                },
                "south": {
                    "uv": [6.5,9.5,9.5,13],
                    "texture": "#texture"
                }
            }
        },
        {
            "from": [3,6.5,13.5],
            "to": [6.5,9.5,15.5],
            "faces": {
                "up": {
                    "uv": [6.25,7,9.75,9],
                    "texture": "#texture"
                },
                "down": {
                    "uv": [6.25,7,9.25,9],
                    "texture": "#texture"
                },
                "north": {
                    "uv": [6.5,3,9.5,6.5],
                    "texture": "#texture",
                    "rotation": 90
                },
                "south": {
                    "uv": [6.5,9.5,9.5,13],
                    "texture": "#texture"
                }
            }
        }
    ]
}